Date;Time (UTC);Latitude;Longitude;Region name;Depth;Magnitude;Strike1;Dip1;Rake1;Strike2;Dip2;Rake2;Agency,
2025-01-08;07:44:25.3;34.760;97.610;SOUTHERN QINGHAI, CHINA;26;5.5;130;74;4;38;86;164;CPPT
2025-01-08;07:44:23.9;34.770;97.514;SOUTHERN QINGHAI, CHINA;16;5.5;314;82;15;222;76;171;GFZ
2025-01-08;01:30:02.0;39.891;41.753;EASTERN TURKEY;15;4.5;217;65;9;123;81;155;DDA,
2025-01-08;01:30:01.0;39.850;41.760;EASTERN TURKEY;10;4.5;118;88;159;208;69;1;KAN,
2025-01-08;00:53:28.1;8.868;40.040;ETHIOPIA;6;5.2;200;54;-87;14;36;-95;GFZ,
2025-01-07;17:23:49.5;24.344;142.112;VOLCANO ISLANDS, JAPAN REGION;521;5.3;176;66;115;308;34;47;GFZ
2025-01-07;17:23:49.0;24.277;142.104;VOLCANO ISLANDS, JAPAN REGION;543;5.2;336;28;62;186;65;104;SC4
2025-01-07;16:39:01.1;-37.779;77.828;MID-INDIAN RIDGE;10;5.1;335;87;-173;244;83;-3;GFZ,
2025-01-07;08:31:33.0;31.655;138.279;IZU ISLANDS, JAPAN REGION;377;5.5;113;21;-146;350;78;-73;GFZ
2025-01-07;08:31:33.0;31.630;138.310;IZU ISLANDS, JAPAN REGION;375;5.6;118;32;-139;351;70;-65;CPPT
2025-01-07;08:31:33.0;31.635;138.396;IZU ISLANDS, JAPAN REGION;372;5.6;107;43;-170;9;83;-47;SC4
2025-01-07;08:31:33.0;31.640;138.190;IZU ISLANDS, JAPAN REGION;372;5.7;106;26;-156;354;80;-66;GCMT
2025-01-07;08:31:28.0;31.587;138.731;IZU ISLANDS, JAPAN REGION;380;5.6;107;26;-146;346;76;-68;NEIR
2025-01-07;01:05:28.0;28.351;87.385;WESTERN XIZANG;12;7.1;187;49;-78;349;42;-103;NEIR,
2025-01-07;01:05:27.0;28.560;87.470;WESTERN XIZANG;12;7.1;356;42;-88;173;48;-92;GCMT,
2025-01-07;01:05:27.0;28.506;87.578;WESTERN XIZANG;12;7.1;342;29;-116;191;64;-76;SC4,
2025-01-07;01:05:17.0;28.570;87.550;WESTERN XIZANG;12;7.1;343;38;-107;184;54;-77;CPPT,
2025-01-07;01:05:16.0;28.639;87.361;WESTERN XIZANG;14;7.2;196;44;-64;341;51;-113;IPGP,
2025-01-07;01:05:16.0;28.568;87.406;WESTERN XIZANG;14;7.1;164;41;-103;1;50;-79;GFZ,
2025-01-06;23:22:59.0;9.247;39.838;ETHIOPIA;7;4.7;205;59;-73;353;35;-117;GFZ,
2025-01-06;16:44:50.0;35.801;142.030;OFF EAST COAST OF HONSHU, JAPAN;12;5.0;195;31;61;47;63;106;NEIR
2025-01-06;15:26:47.0;33.472;87.076;WESTERN XIZANG;16;5.0;157;42;-109;3;51;-74;GFZ,
2025-01-06;09:47:58.0;37.399;21.661;SOUTHERN GREECE;3;4.7;337;44;-69;130;48;-108;NOA,
2025-01-06;09:47:58.0;37.380;21.630;SOUTHERN GREECE;3;4.8;340;40;-66;130;54;-109;OCA,
2025-01-06;09:47:58.0;37.399;21.661;SOUTHERN GREECE;4;4.7;333;40;-79;138;51;-99;UPSL,
2025-01-06;09:47:57.0;37.379;21.596;SOUTHERN GREECE;8;4.8;156;52;-70;306;42;-113;GFZ,
2025-01-06;02:43:24.0;23.777;122.730;TAIWAN REGION;6;4.4;224;61;-42;338;54;-143;GFZ,
2025-01-06;01:30:33.0;36.047;28.122;DODECANESE IS.-TURKEY BORDER REG;14;4.0;356;28;-128;217;68;-72;DDA,
2025-01-06;00:52:09.0;-10.634;161.848;SOLOMON ISLANDS;71;5.2;153;67;-111;17;31;-51;GFZ,
2025-01-06;00:52:08.0;-10.900;161.890;SOLOMON ISLANDS;50;5.2;10;37;-58;152;60;-112;CPPT,
2025-01-06;00:01:21.0;9.350;39.971;ETHIOPIA;7;5.0;208;45;-77;10;46;-103;GFZ,
2025-01-05;17:43:04.0;37.148;28.771;WESTERN TURKEY;7;4.0;277;48;-131;149;56;-54;DDA,
2025-01-05;17:24:44.0;-3.789;151.658;NEW IRELAND REGION, P.N.G.;14;5.1;278;85;-14;9;76;-175;GFZ
2025-01-05;17:18:51.0;13.106;-89.423;OFFSHORE EL SALVADOR;24;6.3;104;4;-117;310;86;-88;SC4,
2025-01-05;17:18:51.0;13.060;-89.130;OFFSHORE EL SALVADOR;62;6.2;175;9;-44;308;84;-97;GCMT,
2025-01-05;17:18:50.0;13.060;-88.840;OFFSHORE EL SALVADOR;60;6.2;162;7;-56;308;84;-94;CPPT,
2025-01-05;17:18:49.0;13.196;-88.991;OFFSHORE EL SALVADOR;61;6.2;162;8;-51;302;84;-95;GFZ,
2025-01-05;17:18:49.0;13.210;-88.980;OFFSHORE EL SALVADOR;69;6.1;180;20;-41;309;77;-105;OCA,
2025-01-05;17:18:48.0;13.068;-89.158;OFFSHORE EL SALVADOR;49;6.2;181;16;-41;311;80;-102;NEIR,
2025-01-05;17:18:47.0;13.053;-89.172;OFFSHORE EL SALVADOR;54;6.2;152;11;-70;311;80;-94;IPGP,
2025-01-05;12:30:14.0;8.950;39.950;ETHIOPIA;8;5.0;207;52;-83;15;39;-99;GFZ,
2025-01-05;09:16:43.0;6.472;126.590;MINDANAO, PHILIPPINES;130;5.1;6;40;-124;228;58;-65;NEIR
2025-01-05;09:16:41.0;6.230;126.480;MINDANAO, PHILIPPINES;120;5.1;9;36;-109;212;56;-77;CPPT
2025-01-05;09:16:40.0;6.506;126.612;MINDANAO, PHILIPPINES;128;5.2;204;62;-74;352;32;-118;GFZ
2025-01-04;23:03:59.0;9.202;39.970;ETHIOPIA;10;4.9;199;53;-78;360;39;-105;GFZ,
2025-01-04;22:23:35.0;-16.190;167.490;VANUATU;12;5.3;356;57;162;96;75;35;CPPT,
2025-01-04;22:23:34.0;-16.154;167.412;VANUATU;25;5.2;272;78;-5;3;85;-168;GFZ,
2025-01-04;20:05:45.0;9.308;40.054;ETHIOPIA;6;4.9;207;58;-82;12;33;-103;GFZ,
2025-01-04;16:36:49.0;9.140;40.012;ETHIOPIA;7;5.0;208;52;-72;0;42;-112;GFZ,
2025-01-04;15:29:12.0;8.934;40.086;ETHIOPIA;8;4.8;202;55;-85;14;35;-97;GFZ,
2025-01-04;07:35:33.0;38.425;37.471;CENTRAL TURKEY;10;4.0;133;55;-129;8;51;-48;DDA,
2025-01-04;06:03:41.0;49.595;-28.447;NORTHERN MID-ATLANTIC RIDGE;13;4.9;187;35;-86;2;55;-93;GFZ,
2025-01-04;06:03:29.0;49.596;-28.848;NORTHERN MID-ATLANTIC RIDGE;12;4.9;1;18;-103;195;72;-86;NEIR,
2025-01-04;00:52:28.0;9.578;40.525;ETHIOPIA;12;5.7;32;32;-90;212;58;-90;SC4,
2025-01-04;00:52:28.0;9.496;40.175;ETHIOPIA;12;5.7;19;51;-107;225;42;-70;NEIR,
2025-01-04;00:52:22.0;9.460;40.380;ETHIOPIA;12;5.7;19;39;-110;223;54;-75;CPPT,
2025-01-04;00:52:22.0;9.505;40.169;ETHIOPIA;7;5.7;226;42;-68;17;52;-109;IPGP,
2025-01-04;00:52:22.0;9.600;40.120;ETHIOPIA;12;5.7;11;44;-112;220;50;-70;GCMT,
2025-01-04;00:52:21.0;9.509;40.095;ETHIOPIA;8;5.7;209;44;-79;14;47;-100;GFZ,
2025-01-03;22:55:26.0;-27.960;63.435;SOUTHWEST INDIAN RIDGE;10;4.9;56;51;-113;271;44;-64;GFZ,
2025-01-03;17:01:49.0;9.419;40.764;ETHIOPIA;12;5.4;52;32;-60;198;63;-107;SC4,
2025-01-03;17:01:47.0;9.550;40.330;ETHIOPIA;12;5.5;1;44;-115;213;51;-68;GCMT,
2025-01-03;17:01:46.0;9.370;40.370;ETHIOPIA;16;5.5;188;14;-107;26;77;-86;CPPT,
2025-01-03;17:01:46.0;9.360;40.396;ETHIOPIA;5;5.4;240;72;-61;0;34;-145;NEIR,
2025-01-03;17:01:45.0;9.342;40.433;ETHIOPIA;7;5.4;187;49;-91;8;41;-89;GFZ,
2025-01-03;14:27:17.0;8.832;39.993;ETHIOPIA;12;5.2;18;27;-103;213;64;-84;NEIR,
2025-01-03;14:27:16.0;8.974;39.873;ETHIOPIA;10;5.2;209;46;-78;11;45;-103;GFZ,
2025-01-03;13:51:04.0;36.531;31.987;WESTERN TURKEY;7;4.5;345;34;-148;228;73;-60;DDA,
2025-01-03;13:51:03.0;36.440;31.940;WESTERN TURKEY;29;4.6;197;62;-45;311;51;-143;KAN,
2025-01-03;11:58:14.0;35.000;23.420;CRETE, GREECE;10;4.0;30;75;95;192;16;73;OCA
2025-01-03;11:58:10.0;34.848;23.345;CRETE, GREECE;24;4.3;126;2;0;216;89;-90;NOA
2025-01-03;09:55:58.0;-21.731;-68.458;ANTOFAGASTA, CHILE;107;4.2;102;28;-153;348;78;-65;GFZ
2025-01-03;02:33:23.0;-58.755;-25.908;SOUTH SANDWICH ISLANDS REGION;110;5.5;271;36;173;7;86;54;SC4,
2025-01-03;02:33:21.0;-58.920;-25.310;SOUTH SANDWICH ISLANDS REGION;98;5.5;186;14;53;44;79;98;GCMT,
2025-01-03;02:33:20.0;-58.836;-26.043;SOUTH SANDWICH ISLANDS REGION;89;5.5;51;86;93;189;5;48;NEIR,
2025-01-03;02:33:19.0;-59.100;-26.520;SOUTH SANDWICH ISLANDS REGION;90;5.5;202;15;56;56;78;98;CPPT,
2025-01-03;02:33:17.0;-58.762;-25.953;SOUTH SANDWICH ISLANDS REGION;84;5.5;56;74;58;301;35;151;GFZ,
2025-01-03;01:47:29.0;-3.824;151.685;NEW IRELAND REGION, P.N.G.;18;5.2;284;78;-7;15;83;-168;GFZ
2025-01-03;01:34:23.0;9.058;40.032;ETHIOPIA;10;4.8;205;54;-80;8;37;-103;GFZ,
2025-01-03;00:55:10.0;-20.560;-68.560;POTOSI, BOLIVIA;168;4.3;180;50;175;273;86;40;OCA
2025-01-03;00:17:59.0;9.069;40.086;ETHIOPIA;10;4.6;213;52;-82;20;38;-100;GFZ,
2025-01-02;22:22:49.0;9.168;40.052;ETHIOPIA;10;4.8;206;40;-93;30;50;-88;GFZ,
2025-01-02;21:18:27.0;9.530;40.320;ETHIOPIA;12;5.4;5;41;-104;203;50;-78;GCMT,
2025-01-02;21:18:26.0;9.327;40.243;ETHIOPIA;10;5.3;191;50;-83;1;41;-98;GFZ,
2025-01-02;20:43:38.0;-21.723;-69.135;ANTOFAGASTA, CHILE;100;6.1;148;28;-111;351;64;-79;NEIR
2025-01-02;20:43:38.0;-21.700;-69.050;ANTOFAGASTA, CHILE;112;6.1;143;39;-119;359;57;-69;GCMT
2025-01-02;20:43:37.0;-21.788;-68.738;ANTOFAGASTA, CHILE;90;6.1;148;38;-99;340;52;-83;SC4
2025-01-02;20:43:35.0;-21.790;-69.300;ANTOFAGASTA, CHILE;104;5.9;135;20;-113;340;72;-82;OCA
2025-01-02;20:43:35.0;-21.761;-68.933;ANTOFAGASTA, CHILE;96;6.1;150;36;-111;355;57;-76;GFZ
2025-01-02;20:43:32.0;-21.770;-68.790;ANTOFAGASTA, CHILE;90;6.1;138;44;-107;341;49;-74;CPPT
2025-01-02;17:29:00.0;9.161;39.979;ETHIOPIA;10;5.1;196;50;-79;358;41;-103;GFZ,
2025-01-02;16:26:09.0;9.223;39.952;ETHIOPIA;10;5.0;204;48;-83;13;42;-98;GFZ,
2025-01-02;15:57:07.0;-3.833;151.709;NEW IRELAND REGION, P.N.G.;25;5.0;290;66;1;199;89;156;GFZ
2025-01-02;08:43:32.0;38.610;106.098;NEI MONGOL-NINGXIA BDR, CHINA;13;4.6;110;88;-13;201;77;-178;GFZ
2025-01-02;07:41:31.0;9.325;40.070;ETHIOPIA;10;5.1;195;45;-88;12;45;-92;GFZ,
2025-01-02;07:06:44.0;-3.721;151.738;NEW IRELAND REGION, P.N.G.;12;5.4;49;74;-152;310;63;-18;NEIR
2025-01-02;07:06:40.0;-3.881;151.553;NEW IRELAND REGION, P.N.G.;10;5.4;130;88;-11;220;79;-178;GFZ
2025-01-02;05:32:20.0;-0.217;125.083;MOLUCCA SEA;33;4.8;38;54;59;264;46;125;GFZ,
2025-01-02;02:54:24.0;-62.290;155.250;BALLENY ISLANDS REGION;12;5.5;332;71;-2;63;88;-161;GCMT,
2025-01-02;02:54:20.0;-62.404;155.535;BALLENY ISLANDS REGION;16;5.5;330;81;-13;62;77;-171;GFZ,
